<?xml version="1.0" encoding="UTF-8"?>
<spirit:component xmlns:xilinx="http://www.xilinx.com" xmlns:spirit="http://www.spiritconsortium.org/XMLSchema/SPIRIT/1685-2009" xmlns:xsi="http://www.w3.org/2001/XMLSchema-instance">
  <spirit:vendor>iastate.edu</spirit:vendor>
  <spirit:library>user</spirit:library>
  <spirit:name>SipHash_X_Y</spirit:name>
  <spirit:version>1.0</spirit:version>
  <spirit:busInterfaces>
    <spirit:busInterface>
      <spirit:name>S00_AXI</spirit:name>
      <spirit:busType spirit:vendor="xilinx.com" spirit:library="interface" spirit:name="aximm" spirit:version="1.0"/>
      <spirit:abstractionType spirit:vendor="xilinx.com" spirit:library="interface" spirit:name="aximm_rtl" spirit:version="1.0"/>
      <spirit:slave>
        <spirit:memoryMapRef spirit:memoryMapRef="S00_AXI"/>
      </spirit:slave>
      <spirit:portMaps>
        <spirit:portMap>
          <spirit:logicalPort>
            <spirit:name>AWADDR</spirit:name>
          </spirit:logicalPort>
          <spirit:physicalPort>
            <spirit:name>s00_axi_awaddr</spirit:name>
          </spirit:physicalPort>
        </spirit:portMap>
        <spirit:portMap>
          <spirit:logicalPort>
            <spirit:name>AWPROT</spirit:name>
          </spirit:logicalPort>
          <spirit:physicalPort>
            <spirit:name>s00_axi_awprot</spirit:name>
          </spirit:physicalPort>
        </spirit:portMap>
        <spirit:portMap>
          <spirit:logicalPort>
            <spirit:name>AWVALID</spirit:name>
          </spirit:logicalPort>
          <spirit:physicalPort>
            <spirit:name>s00_axi_awvalid</spirit:name>
          </spirit:physicalPort>
        </spirit:portMap>
        <spirit:portMap>
          <spirit:logicalPort>
            <spirit:name>AWREADY</spirit:name>
          </spirit:logicalPort>
          <spirit:physicalPort>
            <spirit:name>s00_axi_awready</spirit:name>
          </spirit:physicalPort>
        </spirit:portMap>
        <spirit:portMap>
          <spirit:logicalPort>
            <spirit:name>WDATA</spirit:name>
          </spirit:logicalPort>
          <spirit:physicalPort>
            <spirit:name>s00_axi_wdata</spirit:name>
          </spirit:physicalPort>
        </spirit:portMap>
        <spirit:portMap>
          <spirit:logicalPort>
            <spirit:name>WSTRB</spirit:name>
          </spirit:logicalPort>
          <spirit:physicalPort>
            <spirit:name>s00_axi_wstrb</spirit:name>
          </spirit:physicalPort>
        </spirit:portMap>
        <spirit:portMap>
          <spirit:logicalPort>
            <spirit:name>WVALID</spirit:name>
          </spirit:logicalPort>
          <spirit:physicalPort>
            <spirit:name>s00_axi_wvalid</spirit:name>
          </spirit:physicalPort>
        </spirit:portMap>
        <spirit:portMap>
          <spirit:logicalPort>
            <spirit:name>WREADY</spirit:name>
          </spirit:logicalPort>
          <spirit:physicalPort>
            <spirit:name>s00_axi_wready</spirit:name>
          </spirit:physicalPort>
        </spirit:portMap>
        <spirit:portMap>
          <spirit:logicalPort>
            <spirit:name>BRESP</spirit:name>
          </spirit:logicalPort>
          <spirit:physicalPort>
            <spirit:name>s00_axi_bresp</spirit:name>
          </spirit:physicalPort>
        </spirit:portMap>
        <spirit:portMap>
          <spirit:logicalPort>
            <spirit:name>BVALID</spirit:name>
          </spirit:logicalPort>
          <spirit:physicalPort>
            <spirit:name>s00_axi_bvalid</spirit:name>
          </spirit:physicalPort>
        </spirit:portMap>
        <spirit:portMap>
          <spirit:logicalPort>
            <spirit:name>BREADY</spirit:name>
          </spirit:logicalPort>
          <spirit:physicalPort>
            <spirit:name>s00_axi_bready</spirit:name>
          </spirit:physicalPort>
        </spirit:portMap>
        <spirit:portMap>
          <spirit:logicalPort>
            <spirit:name>ARADDR</spirit:name>
          </spirit:logicalPort>
          <spirit:physicalPort>
            <spirit:name>s00_axi_araddr</spirit:name>
          </spirit:physicalPort>
        </spirit:portMap>
        <spirit:portMap>
          <spirit:logicalPort>
            <spirit:name>ARPROT</spirit:name>
          </spirit:logicalPort>
          <spirit:physicalPort>
            <spirit:name>s00_axi_arprot</spirit:name>
          </spirit:physicalPort>
        </spirit:portMap>
        <spirit:portMap>
          <spirit:logicalPort>
            <spirit:name>ARVALID</spirit:name>
          </spirit:logicalPort>
          <spirit:physicalPort>
            <spirit:name>s00_axi_arvalid</spirit:name>
          </spirit:physicalPort>
        </spirit:portMap>
        <spirit:portMap>
          <spirit:logicalPort>
            <spirit:name>ARREADY</spirit:name>
          </spirit:logicalPort>
          <spirit:physicalPort>
            <spirit:name>s00_axi_arready</spirit:name>
          </spirit:physicalPort>
        </spirit:portMap>
        <spirit:portMap>
          <spirit:logicalPort>
            <spirit:name>RDATA</spirit:name>
          </spirit:logicalPort>
          <spirit:physicalPort>
            <spirit:name>s00_axi_rdata</spirit:name>
          </spirit:physicalPort>
        </spirit:portMap>
        <spirit:portMap>
          <spirit:logicalPort>
            <spirit:name>RRESP</spirit:name>
          </spirit:logicalPort>
          <spirit:physicalPort>
            <spirit:name>s00_axi_rresp</spirit:name>
          </spirit:physicalPort>
        </spirit:portMap>
        <spirit:portMap>
          <spirit:logicalPort>
            <spirit:name>RVALID</spirit:name>
          </spirit:logicalPort>
          <spirit:physicalPort>
            <spirit:name>s00_axi_rvalid</spirit:name>
          </spirit:physicalPort>
        </spirit:portMap>
        <spirit:portMap>
          <spirit:logicalPort>
            <spirit:name>RREADY</spirit:name>
          </spirit:logicalPort>
          <spirit:physicalPort>
            <spirit:name>s00_axi_rready</spirit:name>
          </spirit:physicalPort>
        </spirit:portMap>
      </spirit:portMaps>
      <spirit:parameters>
        <spirit:parameter>
          <spirit:name>WIZ_DATA_WIDTH</spirit:name>
          <spirit:value spirit:format="long" spirit:id="BUSIFPARAM_VALUE.S00_AXI.WIZ_DATA_WIDTH" spirit:choiceRef="choice_list_6fc15197">32</spirit:value>
        </spirit:parameter>
        <spirit:parameter>
          <spirit:name>WIZ_NUM_REG</spirit:name>
          <spirit:value spirit:format="long" spirit:id="BUSIFPARAM_VALUE.S00_AXI.WIZ_NUM_REG" spirit:minimum="4" spirit:maximum="512" spirit:rangeType="long">8</spirit:value>
        </spirit:parameter>
        <spirit:parameter>
          <spirit:name>SUPPORTS_NARROW_BURST</spirit:name>
          <spirit:value spirit:format="long" spirit:id="BUSIFPARAM_VALUE.S00_AXI.SUPPORTS_NARROW_BURST" spirit:choiceRef="choice_pairs_ce1226b1">0</spirit:value>
        </spirit:parameter>
      </spirit:parameters>
    </spirit:busInterface>
    <spirit:busInterface>
      <spirit:name>S00_AXIS</spirit:name>
      <spirit:busType spirit:vendor="xilinx.com" spirit:library="interface" spirit:name="axis" spirit:version="1.0"/>
      <spirit:abstractionType spirit:vendor="xilinx.com" spirit:library="interface" spirit:name="axis_rtl" spirit:version="1.0"/>
      <spirit:slave/>
      <spirit:portMaps>
        <spirit:portMap>
          <spirit:logicalPort>
            <spirit:name>TDATA</spirit:name>
          </spirit:logicalPort>
          <spirit:physicalPort>
            <spirit:name>s00_axis_tdata</spirit:name>
          </spirit:physicalPort>
        </spirit:portMap>
        <spirit:portMap>
          <spirit:logicalPort>
            <spirit:name>TLAST</spirit:name>
          </spirit:logicalPort>
          <spirit:physicalPort>
            <spirit:name>s00_axis_tlast</spirit:name>
          </spirit:physicalPort>
        </spirit:portMap>
        <spirit:portMap>
          <spirit:logicalPort>
            <spirit:name>TVALID</spirit:name>
          </spirit:logicalPort>
          <spirit:physicalPort>
            <spirit:name>s00_axis_tvalid</spirit:name>
          </spirit:physicalPort>
        </spirit:portMap>
        <spirit:portMap>
          <spirit:logicalPort>
            <spirit:name>TREADY</spirit:name>
          </spirit:logicalPort>
          <spirit:physicalPort>
            <spirit:name>s00_axis_tready</spirit:name>
          </spirit:physicalPort>
        </spirit:portMap>
      </spirit:portMaps>
      <spirit:parameters>
        <spirit:parameter>
          <spirit:name>WIZ_DATA_WIDTH</spirit:name>
          <spirit:value spirit:format="long" spirit:id="BUSIFPARAM_VALUE.S00_AXIS.WIZ_DATA_WIDTH" spirit:choiceRef="choice_list_6fc15197">32</spirit:value>
        </spirit:parameter>
      </spirit:parameters>
    </spirit:busInterface>
    <spirit:busInterface>
      <spirit:name>M00_AXIS</spirit:name>
      <spirit:busType spirit:vendor="xilinx.com" spirit:library="interface" spirit:name="axis" spirit:version="1.0"/>
      <spirit:abstractionType spirit:vendor="xilinx.com" spirit:library="interface" spirit:name="axis_rtl" spirit:version="1.0"/>
      <spirit:master/>
      <spirit:portMaps>
        <spirit:portMap>
          <spirit:logicalPort>
            <spirit:name>TDATA</spirit:name>
          </spirit:logicalPort>
          <spirit:physicalPort>
            <spirit:name>m00_axis_tdata</spirit:name>
          </spirit:physicalPort>
        </spirit:portMap>
        <spirit:portMap>
          <spirit:logicalPort>
            <spirit:name>TLAST</spirit:name>
          </spirit:logicalPort>
          <spirit:physicalPort>
            <spirit:name>m00_axis_tlast</spirit:name>
          </spirit:physicalPort>
        </spirit:portMap>
        <spirit:portMap>
          <spirit:logicalPort>
            <spirit:name>TVALID</spirit:name>
          </spirit:logicalPort>
          <spirit:physicalPort>
            <spirit:name>m00_axis_tvalid</spirit:name>
          </spirit:physicalPort>
        </spirit:portMap>
        <spirit:portMap>
          <spirit:logicalPort>
            <spirit:name>TREADY</spirit:name>
          </spirit:logicalPort>
          <spirit:physicalPort>
            <spirit:name>m00_axis_tready</spirit:name>
          </spirit:physicalPort>
        </spirit:portMap>
      </spirit:portMaps>
      <spirit:parameters>
        <spirit:parameter>
          <spirit:name>WIZ_DATA_WIDTH</spirit:name>
          <spirit:value spirit:format="long" spirit:id="BUSIFPARAM_VALUE.M00_AXIS.WIZ_DATA_WIDTH" spirit:choiceRef="choice_list_6fc15197">32</spirit:value>
        </spirit:parameter>
      </spirit:parameters>
    </spirit:busInterface>
    <spirit:busInterface>
      <spirit:name>S00_AXI_RST</spirit:name>
      <spirit:busType spirit:vendor="xilinx.com" spirit:library="signal" spirit:name="reset" spirit:version="1.0"/>
      <spirit:abstractionType spirit:vendor="xilinx.com" spirit:library="signal" spirit:name="reset_rtl" spirit:version="1.0"/>
      <spirit:slave/>
      <spirit:portMaps>
        <spirit:portMap>
          <spirit:logicalPort>
            <spirit:name>RST</spirit:name>
          </spirit:logicalPort>
          <spirit:physicalPort>
            <spirit:name>s00_axi_aresetn</spirit:name>
          </spirit:physicalPort>
        </spirit:portMap>
      </spirit:portMaps>
      <spirit:parameters>
        <spirit:parameter>
          <spirit:name>POLARITY</spirit:name>
          <spirit:value spirit:id="BUSIFPARAM_VALUE.S00_AXI_RST.POLARITY" spirit:choiceRef="choice_list_9d8b0d81">ACTIVE_LOW</spirit:value>
        </spirit:parameter>
      </spirit:parameters>
    </spirit:busInterface>
    <spirit:busInterface>
      <spirit:name>S00_AXI_CLK</spirit:name>
      <spirit:busType spirit:vendor="xilinx.com" spirit:library="signal" spirit:name="clock" spirit:version="1.0"/>
      <spirit:abstractionType spirit:vendor="xilinx.com" spirit:library="signal" spirit:name="clock_rtl" spirit:version="1.0"/>
      <spirit:slave/>
      <spirit:portMaps>
        <spirit:portMap>
          <spirit:logicalPort>
            <spirit:name>CLK</spirit:name>
          </spirit:logicalPort>
          <spirit:physicalPort>
            <spirit:name>s00_axi_aclk</spirit:name>
          </spirit:physicalPort>
        </spirit:portMap>
      </spirit:portMaps>
      <spirit:parameters>
        <spirit:parameter>
          <spirit:name>ASSOCIATED_BUSIF</spirit:name>
          <spirit:value spirit:id="BUSIFPARAM_VALUE.S00_AXI_CLK.ASSOCIATED_BUSIF">S00_AXI</spirit:value>
        </spirit:parameter>
        <spirit:parameter>
          <spirit:name>ASSOCIATED_RESET</spirit:name>
          <spirit:value spirit:id="BUSIFPARAM_VALUE.S00_AXI_CLK.ASSOCIATED_RESET">s00_axi_aresetn</spirit:value>
        </spirit:parameter>
      </spirit:parameters>
    </spirit:busInterface>
    <spirit:busInterface>
      <spirit:name>S00_AXIS_RST</spirit:name>
      <spirit:busType spirit:vendor="xilinx.com" spirit:library="signal" spirit:name="reset" spirit:version="1.0"/>
      <spirit:abstractionType spirit:vendor="xilinx.com" spirit:library="signal" spirit:name="reset_rtl" spirit:version="1.0"/>
      <spirit:slave/>
      <spirit:portMaps>
        <spirit:portMap>
          <spirit:logicalPort>
            <spirit:name>RST</spirit:name>
          </spirit:logicalPort>
          <spirit:physicalPort>
            <spirit:name>s00_axis_aresetn</spirit:name>
          </spirit:physicalPort>
        </spirit:portMap>
      </spirit:portMaps>
      <spirit:parameters>
        <spirit:parameter>
          <spirit:name>POLARITY</spirit:name>
          <spirit:value spirit:id="BUSIFPARAM_VALUE.S00_AXIS_RST.POLARITY" spirit:choiceRef="choice_list_9d8b0d81">ACTIVE_LOW</spirit:value>
        </spirit:parameter>
      </spirit:parameters>
    </spirit:busInterface>
    <spirit:busInterface>
      <spirit:name>S00_AXIS_CLK</spirit:name>
      <spirit:busType spirit:vendor="xilinx.com" spirit:library="signal" spirit:name="clock" spirit:version="1.0"/>
      <spirit:abstractionType spirit:vendor="xilinx.com" spirit:library="signal" spirit:name="clock_rtl" spirit:version="1.0"/>
      <spirit:slave/>
      <spirit:portMaps>
        <spirit:portMap>
          <spirit:logicalPort>
            <spirit:name>CLK</spirit:name>
          </spirit:logicalPort>
          <spirit:physicalPort>
            <spirit:name>s00_axis_aclk</spirit:name>
          </spirit:physicalPort>
        </spirit:portMap>
      </spirit:portMaps>
      <spirit:parameters>
        <spirit:parameter>
          <spirit:name>ASSOCIATED_BUSIF</spirit:name>
          <spirit:value spirit:id="BUSIFPARAM_VALUE.S00_AXIS_CLK.ASSOCIATED_BUSIF">S00_AXIS</spirit:value>
        </spirit:parameter>
        <spirit:parameter>
          <spirit:name>ASSOCIATED_RESET</spirit:name>
          <spirit:value spirit:id="BUSIFPARAM_VALUE.S00_AXIS_CLK.ASSOCIATED_RESET">s00_axis_aresetn</spirit:value>
        </spirit:parameter>
      </spirit:parameters>
    </spirit:busInterface>
    <spirit:busInterface>
      <spirit:name>M00_AXIS_RST</spirit:name>
      <spirit:busType spirit:vendor="xilinx.com" spirit:library="signal" spirit:name="reset" spirit:version="1.0"/>
      <spirit:abstractionType spirit:vendor="xilinx.com" spirit:library="signal" spirit:name="reset_rtl" spirit:version="1.0"/>
      <spirit:slave/>
      <spirit:portMaps>
        <spirit:portMap>
          <spirit:logicalPort>
            <spirit:name>RST</spirit:name>
          </spirit:logicalPort>
          <spirit:physicalPort>
            <spirit:name>m00_axis_aresetn</spirit:name>
          </spirit:physicalPort>
        </spirit:portMap>
      </spirit:portMaps>
      <spirit:parameters>
        <spirit:parameter>
          <spirit:name>POLARITY</spirit:name>
          <spirit:value spirit:id="BUSIFPARAM_VALUE.M00_AXIS_RST.POLARITY" spirit:choiceRef="choice_list_9d8b0d81">ACTIVE_LOW</spirit:value>
        </spirit:parameter>
      </spirit:parameters>
    </spirit:busInterface>
    <spirit:busInterface>
      <spirit:name>M00_AXIS_CLK</spirit:name>
      <spirit:busType spirit:vendor="xilinx.com" spirit:library="signal" spirit:name="clock" spirit:version="1.0"/>
      <spirit:abstractionType spirit:vendor="xilinx.com" spirit:library="signal" spirit:name="clock_rtl" spirit:version="1.0"/>
      <spirit:slave/>
      <spirit:portMaps>
        <spirit:portMap>
          <spirit:logicalPort>
            <spirit:name>CLK</spirit:name>
          </spirit:logicalPort>
          <spirit:physicalPort>
            <spirit:name>m00_axis_aclk</spirit:name>
          </spirit:physicalPort>
        </spirit:portMap>
      </spirit:portMaps>
      <spirit:parameters>
        <spirit:parameter>
          <spirit:name>ASSOCIATED_BUSIF</spirit:name>
          <spirit:value spirit:id="BUSIFPARAM_VALUE.M00_AXIS_CLK.ASSOCIATED_BUSIF">M00_AXIS</spirit:value>
        </spirit:parameter>
        <spirit:parameter>
          <spirit:name>ASSOCIATED_RESET</spirit:name>
          <spirit:value spirit:id="BUSIFPARAM_VALUE.M00_AXIS_CLK.ASSOCIATED_RESET">m00_axis_aresetn</spirit:value>
        </spirit:parameter>
      </spirit:parameters>
    </spirit:busInterface>
  </spirit:busInterfaces>
  <spirit:memoryMaps>
    <spirit:memoryMap>
      <spirit:name>S00_AXI</spirit:name>
      <spirit:addressBlock>
        <spirit:name>S00_AXI_reg</spirit:name>
        <spirit:baseAddress spirit:format="long" spirit:resolve="user">0</spirit:baseAddress>
        <spirit:range spirit:format="long">4096</spirit:range>
        <spirit:width spirit:format="long">32</spirit:width>
        <spirit:usage>register</spirit:usage>
        <spirit:parameters>
          <spirit:parameter>
            <spirit:name>OFFSET_BASE_PARAM</spirit:name>
            <spirit:value spirit:id="ADDRBLOCKPARAM_VALUE.S00_AXI.S00_AXI_REG.OFFSET_BASE_PARAM">C_S00_AXI_BASEADDR</spirit:value>
          </spirit:parameter>
          <spirit:parameter>
            <spirit:name>OFFSET_HIGH_PARAM</spirit:name>
            <spirit:value spirit:id="ADDRBLOCKPARAM_VALUE.S00_AXI.S00_AXI_REG.OFFSET_HIGH_PARAM">C_S00_AXI_HIGHADDR</spirit:value>
          </spirit:parameter>
        </spirit:parameters>
      </spirit:addressBlock>
    </spirit:memoryMap>
  </spirit:memoryMaps>
  <spirit:model>
    <spirit:views>
      <spirit:view>
        <spirit:name>xilinx_vhdlsynthesis</spirit:name>
        <spirit:displayName>VHDL Synthesis</spirit:displayName>
        <spirit:envIdentifier>vhdlSource:vivado.xilinx.com:synthesis</spirit:envIdentifier>
        <spirit:language>vhdl</spirit:language>
        <spirit:modelName>SipHash_X_Y_v1_0</spirit:modelName>
        <spirit:fileSetRef>
          <spirit:localName>xilinx_vhdlsynthesis_view_fileset</spirit:localName>
        </spirit:fileSetRef>
        <spirit:parameters>
          <spirit:parameter>
            <spirit:name>viewChecksum</spirit:name>
            <spirit:value>d3df39e2</spirit:value>
          </spirit:parameter>
        </spirit:parameters>
      </spirit:view>
      <spirit:view>
        <spirit:name>xilinx_vhdlbehavioralsimulation</spirit:name>
        <spirit:displayName>VHDL Simulation</spirit:displayName>
        <spirit:envIdentifier>vhdlSource:vivado.xilinx.com:simulation</spirit:envIdentifier>
        <spirit:language>vhdl</spirit:language>
        <spirit:modelName>SipHash_X_Y_v1_0</spirit:modelName>
        <spirit:fileSetRef>
          <spirit:localName>xilinx_vhdlbehavioralsimulation_view_fileset</spirit:localName>
        </spirit:fileSetRef>
        <spirit:parameters>
          <spirit:parameter>
            <spirit:name>viewChecksum</spirit:name>
            <spirit:value>d3df39e2</spirit:value>
          </spirit:parameter>
        </spirit:parameters>
      </spirit:view>
      <spirit:view>
        <spirit:name>xilinx_xpgui</spirit:name>
        <spirit:displayName>UI Layout</spirit:displayName>
        <spirit:envIdentifier>:vivado.xilinx.com:xgui.ui</spirit:envIdentifier>
        <spirit:fileSetRef>
          <spirit:localName>xilinx_xpgui_view_fileset</spirit:localName>
        </spirit:fileSetRef>
        <spirit:parameters>
          <spirit:parameter>
            <spirit:name>viewChecksum</spirit:name>
            <spirit:value>4a324074</spirit:value>
          </spirit:parameter>
        </spirit:parameters>
      </spirit:view>
      <spirit:view>
        <spirit:name>bd_tcl</spirit:name>
        <spirit:displayName>Block Diagram</spirit:displayName>
        <spirit:envIdentifier>:vivado.xilinx.com:block.diagram</spirit:envIdentifier>
        <spirit:fileSetRef>
          <spirit:localName>bd_tcl_view_fileset</spirit:localName>
        </spirit:fileSetRef>
        <spirit:parameters>
          <spirit:parameter>
            <spirit:name>viewChecksum</spirit:name>
            <spirit:value>16328387</spirit:value>
          </spirit:parameter>
        </spirit:parameters>
      </spirit:view>
    </spirit:views>
    <spirit:ports>
      <spirit:port>
        <spirit:name>s00_axi_aclk</spirit:name>
        <spirit:wire>
          <spirit:direction>in</spirit:direction>
          <spirit:wireTypeDefs>
            <spirit:wireTypeDef>
              <spirit:typeName>std_logic</spirit:typeName>
              <spirit:viewNameRef>xilinx_vhdlsynthesis</spirit:viewNameRef>
              <spirit:viewNameRef>xilinx_vhdlbehavioralsimulation</spirit:viewNameRef>
            </spirit:wireTypeDef>
          </spirit:wireTypeDefs>
        </spirit:wire>
      </spirit:port>
      <spirit:port>
        <spirit:name>s00_axi_aresetn</spirit:name>
        <spirit:wire>
          <spirit:direction>in</spirit:direction>
          <spirit:wireTypeDefs>
            <spirit:wireTypeDef>
              <spirit:typeName>std_logic</spirit:typeName>
              <spirit:viewNameRef>xilinx_vhdlsynthesis</spirit:viewNameRef>
              <spirit:viewNameRef>xilinx_vhdlbehavioralsimulation</spirit:viewNameRef>
            </spirit:wireTypeDef>
          </spirit:wireTypeDefs>
        </spirit:wire>
      </spirit:port>
      <spirit:port>
        <spirit:name>s00_axi_awaddr</spirit:name>
        <spirit:wire>
          <spirit:direction>in</spirit:direction>
          <spirit:vector>
            <spirit:left spirit:format="long" spirit:resolve="dependent" spirit:dependency="(spirit:decode(id(&apos;MODELPARAM_VALUE.C_S00_AXI_ADDR_WIDTH&apos;)) - 1)">4</spirit:left>
            <spirit:right spirit:format="long">0</spirit:right>
          </spirit:vector>
          <spirit:wireTypeDefs>
            <spirit:wireTypeDef>
              <spirit:typeName>std_logic_vector</spirit:typeName>
              <spirit:viewNameRef>xilinx_vhdlsynthesis</spirit:viewNameRef>
              <spirit:viewNameRef>xilinx_vhdlbehavioralsimulation</spirit:viewNameRef>
            </spirit:wireTypeDef>
          </spirit:wireTypeDefs>
        </spirit:wire>
      </spirit:port>
      <spirit:port>
        <spirit:name>s00_axi_awprot</spirit:name>
        <spirit:wire>
          <spirit:direction>in</spirit:direction>
          <spirit:vector>
            <spirit:left spirit:format="long">2</spirit:left>
            <spirit:right spirit:format="long">0</spirit:right>
          </spirit:vector>
          <spirit:wireTypeDefs>
            <spirit:wireTypeDef>
              <spirit:typeName>std_logic_vector</spirit:typeName>
              <spirit:viewNameRef>xilinx_vhdlsynthesis</spirit:viewNameRef>
              <spirit:viewNameRef>xilinx_vhdlbehavioralsimulation</spirit:viewNameRef>
            </spirit:wireTypeDef>
          </spirit:wireTypeDefs>
        </spirit:wire>
      </spirit:port>
      <spirit:port>
        <spirit:name>s00_axi_awvalid</spirit:name>
        <spirit:wire>
          <spirit:direction>in</spirit:direction>
          <spirit:wireTypeDefs>
            <spirit:wireTypeDef>
              <spirit:typeName>std_logic</spirit:typeName>
              <spirit:viewNameRef>xilinx_vhdlsynthesis</spirit:viewNameRef>
              <spirit:viewNameRef>xilinx_vhdlbehavioralsimulation</spirit:viewNameRef>
            </spirit:wireTypeDef>
          </spirit:wireTypeDefs>
        </spirit:wire>
      </spirit:port>
      <spirit:port>
        <spirit:name>s00_axi_awready</spirit:name>
        <spirit:wire>
          <spirit:direction>out</spirit:direction>
          <spirit:wireTypeDefs>
            <spirit:wireTypeDef>
              <spirit:typeName>std_logic</spirit:typeName>
              <spirit:viewNameRef>xilinx_vhdlsynthesis</spirit:viewNameRef>
              <spirit:viewNameRef>xilinx_vhdlbehavioralsimulation</spirit:viewNameRef>
            </spirit:wireTypeDef>
          </spirit:wireTypeDefs>
        </spirit:wire>
      </spirit:port>
      <spirit:port>
        <spirit:name>s00_axi_wdata</spirit:name>
        <spirit:wire>
          <spirit:direction>in</spirit:direction>
          <spirit:vector>
            <spirit:left spirit:format="long" spirit:resolve="dependent" spirit:dependency="(spirit:decode(id(&apos;MODELPARAM_VALUE.C_S00_AXI_DATA_WIDTH&apos;)) - 1)">31</spirit:left>
            <spirit:right spirit:format="long">0</spirit:right>
          </spirit:vector>
          <spirit:wireTypeDefs>
            <spirit:wireTypeDef>
              <spirit:typeName>std_logic_vector</spirit:typeName>
              <spirit:viewNameRef>xilinx_vhdlsynthesis</spirit:viewNameRef>
              <spirit:viewNameRef>xilinx_vhdlbehavioralsimulation</spirit:viewNameRef>
            </spirit:wireTypeDef>
          </spirit:wireTypeDefs>
        </spirit:wire>
      </spirit:port>
      <spirit:port>
        <spirit:name>s00_axi_wstrb</spirit:name>
        <spirit:wire>
          <spirit:direction>in</spirit:direction>
          <spirit:vector>
            <spirit:left spirit:format="long" spirit:resolve="dependent" spirit:dependency="((spirit:decode(id(&apos;MODELPARAM_VALUE.C_S00_AXI_DATA_WIDTH&apos;)) / 8) - 1)">3</spirit:left>
            <spirit:right spirit:format="long">0</spirit:right>
          </spirit:vector>
          <spirit:wireTypeDefs>
            <spirit:wireTypeDef>
              <spirit:typeName>std_logic_vector</spirit:typeName>
              <spirit:viewNameRef>xilinx_vhdlsynthesis</spirit:viewNameRef>
              <spirit:viewNameRef>xilinx_vhdlbehavioralsimulation</spirit:viewNameRef>
            </spirit:wireTypeDef>
          </spirit:wireTypeDefs>
        </spirit:wire>
      </spirit:port>
      <spirit:port>
        <spirit:name>s00_axi_wvalid</spirit:name>
        <spirit:wire>
          <spirit:direction>in</spirit:direction>
          <spirit:wireTypeDefs>
            <spirit:wireTypeDef>
              <spirit:typeName>std_logic</spirit:typeName>
              <spirit:viewNameRef>xilinx_vhdlsynthesis</spirit:viewNameRef>
              <spirit:viewNameRef>xilinx_vhdlbehavioralsimulation</spirit:viewNameRef>
            </spirit:wireTypeDef>
          </spirit:wireTypeDefs>
        </spirit:wire>
      </spirit:port>
      <spirit:port>
        <spirit:name>s00_axi_wready</spirit:name>
        <spirit:wire>
          <spirit:direction>out</spirit:direction>
          <spirit:wireTypeDefs>
            <spirit:wireTypeDef>
              <spirit:typeName>std_logic</spirit:typeName>
              <spirit:viewNameRef>xilinx_vhdlsynthesis</spirit:viewNameRef>
              <spirit:viewNameRef>xilinx_vhdlbehavioralsimulation</spirit:viewNameRef>
            </spirit:wireTypeDef>
          </spirit:wireTypeDefs>
        </spirit:wire>
      </spirit:port>
      <spirit:port>
        <spirit:name>s00_axi_bresp</spirit:name>
        <spirit:wire>
          <spirit:direction>out</spirit:direction>
          <spirit:vector>
            <spirit:left spirit:format="long">1</spirit:left>
            <spirit:right spirit:format="long">0</spirit:right>
          </spirit:vector>
          <spirit:wireTypeDefs>
            <spirit:wireTypeDef>
              <spirit:typeName>std_logic_vector</spirit:typeName>
              <spirit:viewNameRef>xilinx_vhdlsynthesis</spirit:viewNameRef>
              <spirit:viewNameRef>xilinx_vhdlbehavioralsimulation</spirit:viewNameRef>
            </spirit:wireTypeDef>
          </spirit:wireTypeDefs>
        </spirit:wire>
      </spirit:port>
      <spirit:port>
        <spirit:name>s00_axi_bvalid</spirit:name>
        <spirit:wire>
          <spirit:direction>out</spirit:direction>
          <spirit:wireTypeDefs>
            <spirit:wireTypeDef>
              <spirit:typeName>std_logic</spirit:typeName>
              <spirit:viewNameRef>xilinx_vhdlsynthesis</spirit:viewNameRef>
              <spirit:viewNameRef>xilinx_vhdlbehavioralsimulation</spirit:viewNameRef>
            </spirit:wireTypeDef>
          </spirit:wireTypeDefs>
        </spirit:wire>
      </spirit:port>
      <spirit:port>
        <spirit:name>s00_axi_bready</spirit:name>
        <spirit:wire>
          <spirit:direction>in</spirit:direction>
          <spirit:wireTypeDefs>
            <spirit:wireTypeDef>
              <spirit:typeName>std_logic</spirit:typeName>
              <spirit:viewNameRef>xilinx_vhdlsynthesis</spirit:viewNameRef>
              <spirit:viewNameRef>xilinx_vhdlbehavioralsimulation</spirit:viewNameRef>
            </spirit:wireTypeDef>
          </spirit:wireTypeDefs>
        </spirit:wire>
      </spirit:port>
      <spirit:port>
        <spirit:name>s00_axi_araddr</spirit:name>
        <spirit:wire>
          <spirit:direction>in</spirit:direction>
          <spirit:vector>
            <spirit:left spirit:format="long" spirit:resolve="dependent" spirit:dependency="(spirit:decode(id(&apos;MODELPARAM_VALUE.C_S00_AXI_ADDR_WIDTH&apos;)) - 1)">4</spirit:left>
            <spirit:right spirit:format="long">0</spirit:right>
          </spirit:vector>
          <spirit:wireTypeDefs>
            <spirit:wireTypeDef>
              <spirit:typeName>std_logic_vector</spirit:typeName>
              <spirit:viewNameRef>xilinx_vhdlsynthesis</spirit:viewNameRef>
              <spirit:viewNameRef>xilinx_vhdlbehavioralsimulation</spirit:viewNameRef>
            </spirit:wireTypeDef>
          </spirit:wireTypeDefs>
        </spirit:wire>
      </spirit:port>
      <spirit:port>
        <spirit:name>s00_axi_arprot</spirit:name>
        <spirit:wire>
          <spirit:direction>in</spirit:direction>
          <spirit:vector>
            <spirit:left spirit:format="long">2</spirit:left>
            <spirit:right spirit:format="long">0</spirit:right>
          </spirit:vector>
          <spirit:wireTypeDefs>
            <spirit:wireTypeDef>
              <spirit:typeName>std_logic_vector</spirit:typeName>
              <spirit:viewNameRef>xilinx_vhdlsynthesis</spirit:viewNameRef>
              <spirit:viewNameRef>xilinx_vhdlbehavioralsimulation</spirit:viewNameRef>
            </spirit:wireTypeDef>
          </spirit:wireTypeDefs>
        </spirit:wire>
      </spirit:port>
      <spirit:port>
        <spirit:name>s00_axi_arvalid</spirit:name>
        <spirit:wire>
          <spirit:direction>in</spirit:direction>
          <spirit:wireTypeDefs>
            <spirit:wireTypeDef>
              <spirit:typeName>std_logic</spirit:typeName>
              <spirit:viewNameRef>xilinx_vhdlsynthesis</spirit:viewNameRef>
              <spirit:viewNameRef>xilinx_vhdlbehavioralsimulation</spirit:viewNameRef>
            </spirit:wireTypeDef>
          </spirit:wireTypeDefs>
        </spirit:wire>
      </spirit:port>
      <spirit:port>
        <spirit:name>s00_axi_arready</spirit:name>
        <spirit:wire>
          <spirit:direction>out</spirit:direction>
          <spirit:wireTypeDefs>
            <spirit:wireTypeDef>
              <spirit:typeName>std_logic</spirit:typeName>
              <spirit:viewNameRef>xilinx_vhdlsynthesis</spirit:viewNameRef>
              <spirit:viewNameRef>xilinx_vhdlbehavioralsimulation</spirit:viewNameRef>
            </spirit:wireTypeDef>
          </spirit:wireTypeDefs>
        </spirit:wire>
      </spirit:port>
      <spirit:port>
        <spirit:name>s00_axi_rdata</spirit:name>
        <spirit:wire>
          <spirit:direction>out</spirit:direction>
          <spirit:vector>
            <spirit:left spirit:format="long" spirit:resolve="dependent" spirit:dependency="(spirit:decode(id(&apos;MODELPARAM_VALUE.C_S00_AXI_DATA_WIDTH&apos;)) - 1)">31</spirit:left>
            <spirit:right spirit:format="long">0</spirit:right>
          </spirit:vector>
          <spirit:wireTypeDefs>
            <spirit:wireTypeDef>
              <spirit:typeName>std_logic_vector</spirit:typeName>
              <spirit:viewNameRef>xilinx_vhdlsynthesis</spirit:viewNameRef>
              <spirit:viewNameRef>xilinx_vhdlbehavioralsimulation</spirit:viewNameRef>
            </spirit:wireTypeDef>
          </spirit:wireTypeDefs>
        </spirit:wire>
      </spirit:port>
      <spirit:port>
        <spirit:name>s00_axi_rresp</spirit:name>
        <spirit:wire>
          <spirit:direction>out</spirit:direction>
          <spirit:vector>
            <spirit:left spirit:format="long">1</spirit:left>
            <spirit:right spirit:format="long">0</spirit:right>
          </spirit:vector>
          <spirit:wireTypeDefs>
            <spirit:wireTypeDef>
              <spirit:typeName>std_logic_vector</spirit:typeName>
              <spirit:viewNameRef>xilinx_vhdlsynthesis</spirit:viewNameRef>
              <spirit:viewNameRef>xilinx_vhdlbehavioralsimulation</spirit:viewNameRef>
            </spirit:wireTypeDef>
          </spirit:wireTypeDefs>
        </spirit:wire>
      </spirit:port>
      <spirit:port>
        <spirit:name>s00_axi_rvalid</spirit:name>
        <spirit:wire>
          <spirit:direction>out</spirit:direction>
          <spirit:wireTypeDefs>
            <spirit:wireTypeDef>
              <spirit:typeName>std_logic</spirit:typeName>
              <spirit:viewNameRef>xilinx_vhdlsynthesis</spirit:viewNameRef>
              <spirit:viewNameRef>xilinx_vhdlbehavioralsimulation</spirit:viewNameRef>
            </spirit:wireTypeDef>
          </spirit:wireTypeDefs>
        </spirit:wire>
      </spirit:port>
      <spirit:port>
        <spirit:name>s00_axi_rready</spirit:name>
        <spirit:wire>
          <spirit:direction>in</spirit:direction>
          <spirit:wireTypeDefs>
            <spirit:wireTypeDef>
              <spirit:typeName>std_logic</spirit:typeName>
              <spirit:viewNameRef>xilinx_vhdlsynthesis</spirit:viewNameRef>
              <spirit:viewNameRef>xilinx_vhdlbehavioralsimulation</spirit:viewNameRef>
            </spirit:wireTypeDef>
          </spirit:wireTypeDefs>
        </spirit:wire>
      </spirit:port>
      <spirit:port>
        <spirit:name>s00_axis_aclk</spirit:name>
        <spirit:wire>
          <spirit:direction>in</spirit:direction>
          <spirit:wireTypeDefs>
            <spirit:wireTypeDef>
              <spirit:typeName>std_logic</spirit:typeName>
              <spirit:viewNameRef>xilinx_vhdlsynthesis</spirit:viewNameRef>
              <spirit:viewNameRef>xilinx_vhdlbehavioralsimulation</spirit:viewNameRef>
            </spirit:wireTypeDef>
          </spirit:wireTypeDefs>
        </spirit:wire>
      </spirit:port>
      <spirit:port>
        <spirit:name>s00_axis_aresetn</spirit:name>
        <spirit:wire>
          <spirit:direction>in</spirit:direction>
          <spirit:wireTypeDefs>
            <spirit:wireTypeDef>
              <spirit:typeName>std_logic</spirit:typeName>
              <spirit:viewNameRef>xilinx_vhdlsynthesis</spirit:viewNameRef>
              <spirit:viewNameRef>xilinx_vhdlbehavioralsimulation</spirit:viewNameRef>
            </spirit:wireTypeDef>
          </spirit:wireTypeDefs>
        </spirit:wire>
      </spirit:port>
      <spirit:port>
        <spirit:name>s00_axis_tready</spirit:name>
        <spirit:wire>
          <spirit:direction>out</spirit:direction>
          <spirit:wireTypeDefs>
            <spirit:wireTypeDef>
              <spirit:typeName>std_logic</spirit:typeName>
              <spirit:viewNameRef>xilinx_vhdlsynthesis</spirit:viewNameRef>
              <spirit:viewNameRef>xilinx_vhdlbehavioralsimulation</spirit:viewNameRef>
            </spirit:wireTypeDef>
          </spirit:wireTypeDefs>
        </spirit:wire>
      </spirit:port>
      <spirit:port>
        <spirit:name>s00_axis_tdata</spirit:name>
        <spirit:wire>
          <spirit:direction>in</spirit:direction>
          <spirit:vector>
            <spirit:left spirit:format="long" spirit:resolve="dependent" spirit:dependency="(spirit:decode(id(&apos;MODELPARAM_VALUE.C_S00_AXIS_TDATA_WIDTH&apos;)) - 1)">63</spirit:left>
            <spirit:right spirit:format="long">0</spirit:right>
          </spirit:vector>
          <spirit:wireTypeDefs>
            <spirit:wireTypeDef>
              <spirit:typeName>std_logic_vector</spirit:typeName>
              <spirit:viewNameRef>xilinx_vhdlsynthesis</spirit:viewNameRef>
              <spirit:viewNameRef>xilinx_vhdlbehavioralsimulation</spirit:viewNameRef>
            </spirit:wireTypeDef>
          </spirit:wireTypeDefs>
        </spirit:wire>
      </spirit:port>
      <spirit:port>
        <spirit:name>s00_axis_tlast</spirit:name>
        <spirit:wire>
          <spirit:direction>in</spirit:direction>
          <spirit:wireTypeDefs>
            <spirit:wireTypeDef>
              <spirit:typeName>std_logic</spirit:typeName>
              <spirit:viewNameRef>xilinx_vhdlsynthesis</spirit:viewNameRef>
              <spirit:viewNameRef>xilinx_vhdlbehavioralsimulation</spirit:viewNameRef>
            </spirit:wireTypeDef>
          </spirit:wireTypeDefs>
        </spirit:wire>
      </spirit:port>
      <spirit:port>
        <spirit:name>s00_axis_tvalid</spirit:name>
        <spirit:wire>
          <spirit:direction>in</spirit:direction>
          <spirit:wireTypeDefs>
            <spirit:wireTypeDef>
              <spirit:typeName>std_logic</spirit:typeName>
              <spirit:viewNameRef>xilinx_vhdlsynthesis</spirit:viewNameRef>
              <spirit:viewNameRef>xilinx_vhdlbehavioralsimulation</spirit:viewNameRef>
            </spirit:wireTypeDef>
          </spirit:wireTypeDefs>
        </spirit:wire>
      </spirit:port>
      <spirit:port>
        <spirit:name>m00_axis_aclk</spirit:name>
        <spirit:wire>
          <spirit:direction>in</spirit:direction>
          <spirit:wireTypeDefs>
            <spirit:wireTypeDef>
              <spirit:typeName>std_logic</spirit:typeName>
              <spirit:viewNameRef>xilinx_vhdlsynthesis</spirit:viewNameRef>
              <spirit:viewNameRef>xilinx_vhdlbehavioralsimulation</spirit:viewNameRef>
            </spirit:wireTypeDef>
          </spirit:wireTypeDefs>
        </spirit:wire>
      </spirit:port>
      <spirit:port>
        <spirit:name>m00_axis_aresetn</spirit:name>
        <spirit:wire>
          <spirit:direction>in</spirit:direction>
          <spirit:wireTypeDefs>
            <spirit:wireTypeDef>
              <spirit:typeName>std_logic</spirit:typeName>
              <spirit:viewNameRef>xilinx_vhdlsynthesis</spirit:viewNameRef>
              <spirit:viewNameRef>xilinx_vhdlbehavioralsimulation</spirit:viewNameRef>
            </spirit:wireTypeDef>
          </spirit:wireTypeDefs>
        </spirit:wire>
      </spirit:port>
      <spirit:port>
        <spirit:name>m00_axis_tvalid</spirit:name>
        <spirit:wire>
          <spirit:direction>out</spirit:direction>
          <spirit:wireTypeDefs>
            <spirit:wireTypeDef>
              <spirit:typeName>std_logic</spirit:typeName>
              <spirit:viewNameRef>xilinx_vhdlsynthesis</spirit:viewNameRef>
              <spirit:viewNameRef>xilinx_vhdlbehavioralsimulation</spirit:viewNameRef>
            </spirit:wireTypeDef>
          </spirit:wireTypeDefs>
        </spirit:wire>
      </spirit:port>
      <spirit:port>
        <spirit:name>m00_axis_tdata</spirit:name>
        <spirit:wire>
          <spirit:direction>out</spirit:direction>
          <spirit:vector>
            <spirit:left spirit:format="long" spirit:resolve="dependent" spirit:dependency="(spirit:decode(id(&apos;MODELPARAM_VALUE.C_M00_AXIS_TDATA_WIDTH&apos;)) - 1)">63</spirit:left>
            <spirit:right spirit:format="long">0</spirit:right>
          </spirit:vector>
          <spirit:wireTypeDefs>
            <spirit:wireTypeDef>
              <spirit:typeName>std_logic_vector</spirit:typeName>
              <spirit:viewNameRef>xilinx_vhdlsynthesis</spirit:viewNameRef>
              <spirit:viewNameRef>xilinx_vhdlbehavioralsimulation</spirit:viewNameRef>
            </spirit:wireTypeDef>
          </spirit:wireTypeDefs>
        </spirit:wire>
      </spirit:port>
      <spirit:port>
        <spirit:name>m00_axis_tlast</spirit:name>
        <spirit:wire>
          <spirit:direction>out</spirit:direction>
          <spirit:wireTypeDefs>
            <spirit:wireTypeDef>
              <spirit:typeName>std_logic</spirit:typeName>
              <spirit:viewNameRef>xilinx_vhdlsynthesis</spirit:viewNameRef>
              <spirit:viewNameRef>xilinx_vhdlbehavioralsimulation</spirit:viewNameRef>
            </spirit:wireTypeDef>
          </spirit:wireTypeDefs>
        </spirit:wire>
      </spirit:port>
      <spirit:port>
        <spirit:name>m00_axis_tready</spirit:name>
        <spirit:wire>
          <spirit:direction>in</spirit:direction>
          <spirit:wireTypeDefs>
            <spirit:wireTypeDef>
              <spirit:typeName>std_logic</spirit:typeName>
              <spirit:viewNameRef>xilinx_vhdlsynthesis</spirit:viewNameRef>
              <spirit:viewNameRef>xilinx_vhdlbehavioralsimulation</spirit:viewNameRef>
            </spirit:wireTypeDef>
          </spirit:wireTypeDefs>
        </spirit:wire>
      </spirit:port>
    </spirit:ports>
    <spirit:modelParameters>
      <spirit:modelParameter xsi:type="spirit:nameValueTypeType" spirit:dataType="integer">
        <spirit:name>C_S00_AXI_DATA_WIDTH</spirit:name>
        <spirit:displayName>C S00 AXI DATA WIDTH</spirit:displayName>
        <spirit:description>Width of S_AXI data bus</spirit:description>
        <spirit:value spirit:format="long" spirit:resolve="generated" spirit:id="MODELPARAM_VALUE.C_S00_AXI_DATA_WIDTH" spirit:order="3" spirit:rangeType="long">32</spirit:value>
      </spirit:modelParameter>
      <spirit:modelParameter spirit:dataType="integer">
        <spirit:name>C_S00_AXI_ADDR_WIDTH</spirit:name>
        <spirit:displayName>C S00 AXI ADDR WIDTH</spirit:displayName>
        <spirit:description>Width of S_AXI address bus</spirit:description>
        <spirit:value spirit:format="long" spirit:resolve="generated" spirit:id="MODELPARAM_VALUE.C_S00_AXI_ADDR_WIDTH" spirit:order="4" spirit:rangeType="long">5</spirit:value>
      </spirit:modelParameter>
      <spirit:modelParameter spirit:dataType="integer">
        <spirit:name>C_S00_AXIS_TDATA_WIDTH</spirit:name>
        <spirit:displayName>C S00 AXIS TDATA WIDTH</spirit:displayName>
        <spirit:description>AXI4Stream sink: Data Width</spirit:description>
        <spirit:value spirit:format="long" spirit:resolve="generated" spirit:id="MODELPARAM_VALUE.C_S00_AXIS_TDATA_WIDTH" spirit:order="7" spirit:rangeType="long">64</spirit:value>
      </spirit:modelParameter>
      <spirit:modelParameter spirit:dataType="integer">
        <spirit:name>C_M00_AXIS_TDATA_WIDTH</spirit:name>
        <spirit:displayName>C M00 AXIS TDATA WIDTH</spirit:displayName>
        <spirit:description>Width of S_AXIS address bus. The slave accepts the read and write addresses of width C_M_AXIS_TDATA_WIDTH.</spirit:description>
        <spirit:value spirit:format="long" spirit:resolve="generated" spirit:id="MODELPARAM_VALUE.C_M00_AXIS_TDATA_WIDTH" spirit:order="8" spirit:rangeType="long">64</spirit:value>
      </spirit:modelParameter>
      <spirit:modelParameter spirit:dataType="integer">
        <spirit:name>NUM_COMPRESSIONS</spirit:name>
        <spirit:displayName>Num Compressions</spirit:displayName>
        <spirit:value spirit:format="long" spirit:resolve="generated" spirit:id="MODELPARAM_VALUE.NUM_COMPRESSIONS">2</spirit:value>
      </spirit:modelParameter>
      <spirit:modelParameter spirit:dataType="integer">
        <spirit:name>NUM_FINALIZATIONS</spirit:name>
        <spirit:displayName>Num Finalizations</spirit:displayName>
        <spirit:value spirit:format="long" spirit:resolve="generated" spirit:id="MODELPARAM_VALUE.NUM_FINALIZATIONS">4</spirit:value>
      </spirit:modelParameter>
    </spirit:modelParameters>
  </spirit:model>
  <spirit:choices>
    <spirit:choice>
      <spirit:name>choice_list_6fc15197</spirit:name>
      <spirit:enumeration>32</spirit:enumeration>
    </spirit:choice>
    <spirit:choice>
      <spirit:name>choice_list_99ba8646</spirit:name>
      <spirit:enumeration>32</spirit:enumeration>
      <spirit:enumeration>64</spirit:enumeration>
    </spirit:choice>
    <spirit:choice>
      <spirit:name>choice_list_9d8b0d81</spirit:name>
      <spirit:enumeration>ACTIVE_HIGH</spirit:enumeration>
      <spirit:enumeration>ACTIVE_LOW</spirit:enumeration>
    </spirit:choice>
    <spirit:choice>
      <spirit:name>choice_pairs_ce1226b1</spirit:name>
      <spirit:enumeration spirit:text="true">1</spirit:enumeration>
      <spirit:enumeration spirit:text="false">0</spirit:enumeration>
    </spirit:choice>
  </spirit:choices>
  <spirit:fileSets>
    <spirit:fileSet>
      <spirit:name>xilinx_vhdlsynthesis_view_fileset</spirit:name>
      <spirit:file>
        <spirit:name>src/D_Flip_Flop.vhd</spirit:name>
        <spirit:fileType>vhdlSource</spirit:fileType>
      </spirit:file>
      <spirit:file>
        <spirit:name>src/Reg_64.vhd</spirit:name>
        <spirit:fileType>vhdlSource</spirit:fileType>
      </spirit:file>
      <spirit:file>
        <spirit:name>src/Reg_File_64.vhd</spirit:name>
        <spirit:fileType>vhdlSource</spirit:fileType>
      </spirit:file>
      <spirit:file>
        <spirit:name>hdl/SipHash_X_Y_v1_0_S00_AXI.vhd</spirit:name>
        <spirit:fileType>vhdlSource</spirit:fileType>
      </spirit:file>
      <spirit:file>
        <spirit:name>src/SipHash_x_y.vhd</spirit:name>
        <spirit:fileType>vhdlSource</spirit:fileType>
      </spirit:file>
      <spirit:file>
        <spirit:name>src/SipRound.vhd</spirit:name>
        <spirit:fileType>vhdlSource</spirit:fileType>
      </spirit:file>
      <spirit:file>
        <spirit:name>hdl/SipHash_X_Y_v1_0.vhd</spirit:name>
        <spirit:fileType>vhdlSource</spirit:fileType>
        <spirit:userFileType>CHECKSUM_0f7129cf</spirit:userFileType>
      </spirit:file>
    </spirit:fileSet>
    <spirit:fileSet>
      <spirit:name>xilinx_vhdlbehavioralsimulation_view_fileset</spirit:name>
      <spirit:file>
        <spirit:name>src/D_Flip_Flop.vhd</spirit:name>
        <spirit:fileType>vhdlSource</spirit:fileType>
      </spirit:file>
      <spirit:file>
        <spirit:name>src/Reg_64.vhd</spirit:name>
        <spirit:fileType>vhdlSource</spirit:fileType>
      </spirit:file>
      <spirit:file>
        <spirit:name>src/Reg_File_64.vhd</spirit:name>
        <spirit:fileType>vhdlSource</spirit:fileType>
      </spirit:file>
      <spirit:file>
        <spirit:name>hdl/SipHash_X_Y_v1_0_S00_AXI.vhd</spirit:name>
        <spirit:fileType>vhdlSource</spirit:fileType>
      </spirit:file>
      <spirit:file>
        <spirit:name>src/SipHash_x_y.vhd</spirit:name>
        <spirit:fileType>vhdlSource</spirit:fileType>
      </spirit:file>
      <spirit:file>
        <spirit:name>src/SipRound.vhd</spirit:name>
        <spirit:fileType>vhdlSource</spirit:fileType>
      </spirit:file>
      <spirit:file>
        <spirit:name>hdl/SipHash_X_Y_v1_0.vhd</spirit:name>
        <spirit:fileType>vhdlSource</spirit:fileType>
      </spirit:file>
    </spirit:fileSet>
    <spirit:fileSet>
      <spirit:name>xilinx_xpgui_view_fileset</spirit:name>
      <spirit:file>
        <spirit:name>xgui/SipHash_X_Y_v1_0.tcl</spirit:name>
        <spirit:fileType>tclSource</spirit:fileType>
        <spirit:userFileType>CHECKSUM_4a324074</spirit:userFileType>
        <spirit:userFileType>XGUI_VERSION_2</spirit:userFileType>
      </spirit:file>
    </spirit:fileSet>
    <spirit:fileSet>
      <spirit:name>bd_tcl_view_fileset</spirit:name>
      <spirit:file>
        <spirit:name>bd/bd.tcl</spirit:name>
        <spirit:fileType>tclSource</spirit:fileType>
      </spirit:file>
    </spirit:fileSet>
  </spirit:fileSets>
  <spirit:description>SipHash-X-Y HW Implementation</spirit:description>
  <spirit:parameters>
    <spirit:parameter>
      <spirit:name>C_S00_AXI_DATA_WIDTH</spirit:name>
      <spirit:displayName>C S00 AXI DATA WIDTH</spirit:displayName>
      <spirit:description>Width of S_AXI data bus</spirit:description>
      <spirit:value spirit:format="long" spirit:resolve="user" spirit:id="PARAM_VALUE.C_S00_AXI_DATA_WIDTH" spirit:choiceRef="choice_list_6fc15197" spirit:order="3">32</spirit:value>
      <spirit:vendorExtensions>
        <xilinx:parameterInfo>
          <xilinx:enablement>
            <xilinx:isEnabled xilinx:id="PARAM_ENABLEMENT.C_S00_AXI_DATA_WIDTH">false</xilinx:isEnabled>
          </xilinx:enablement>
        </xilinx:parameterInfo>
      </spirit:vendorExtensions>
    </spirit:parameter>
    <spirit:parameter>
      <spirit:name>C_S00_AXI_ADDR_WIDTH</spirit:name>
      <spirit:displayName>C S00 AXI ADDR WIDTH</spirit:displayName>
      <spirit:description>Width of S_AXI address bus</spirit:description>
      <spirit:value spirit:format="long" spirit:resolve="user" spirit:id="PARAM_VALUE.C_S00_AXI_ADDR_WIDTH" spirit:order="4" spirit:rangeType="long">5</spirit:value>
      <spirit:vendorExtensions>
        <xilinx:parameterInfo>
          <xilinx:enablement>
            <xilinx:isEnabled xilinx:id="PARAM_ENABLEMENT.C_S00_AXI_ADDR_WIDTH">false</xilinx:isEnabled>
          </xilinx:enablement>
        </xilinx:parameterInfo>
      </spirit:vendorExtensions>
    </spirit:parameter>
    <spirit:parameter>
      <spirit:name>C_S00_AXI_BASEADDR</spirit:name>
      <spirit:displayName>C S00 AXI BASEADDR</spirit:displayName>
      <spirit:value spirit:format="bitString" spirit:resolve="user" spirit:id="PARAM_VALUE.C_S00_AXI_BASEADDR" spirit:order="5" spirit:bitStringLength="32">0xFFFFFFFF</spirit:value>
      <spirit:vendorExtensions>
        <xilinx:parameterInfo>
          <xilinx:enablement>
            <xilinx:isEnabled xilinx:id="PARAM_ENABLEMENT.C_S00_AXI_BASEADDR">false</xilinx:isEnabled>
          </xilinx:enablement>
        </xilinx:parameterInfo>
      </spirit:vendorExtensions>
    </spirit:parameter>
    <spirit:parameter>
      <spirit:name>C_S00_AXI_HIGHADDR</spirit:name>
      <spirit:displayName>C S00 AXI HIGHADDR</spirit:displayName>
      <spirit:value spirit:format="bitString" spirit:resolve="user" spirit:id="PARAM_VALUE.C_S00_AXI_HIGHADDR" spirit:order="6" spirit:bitStringLength="32">0x00000000</spirit:value>
      <spirit:vendorExtensions>
        <xilinx:parameterInfo>
          <xilinx:enablement>
            <xilinx:isEnabled xilinx:id="PARAM_ENABLEMENT.C_S00_AXI_HIGHADDR">false</xilinx:isEnabled>
          </xilinx:enablement>
        </xilinx:parameterInfo>
      </spirit:vendorExtensions>
    </spirit:parameter>
    <spirit:parameter>
      <spirit:name>C_S00_AXIS_TDATA_WIDTH</spirit:name>
      <spirit:displayName>C S00 AXIS TDATA WIDTH</spirit:displayName>
      <spirit:description>AXI4Stream sink: Data Width</spirit:description>
      <spirit:value spirit:format="long" spirit:resolve="user" spirit:id="PARAM_VALUE.C_S00_AXIS_TDATA_WIDTH" spirit:choiceRef="choice_list_99ba8646" spirit:order="7">64</spirit:value>
      <spirit:vendorExtensions>
        <xilinx:parameterInfo>
          <xilinx:enablement>
            <xilinx:isEnabled xilinx:id="PARAM_ENABLEMENT.C_S00_AXIS_TDATA_WIDTH">false</xilinx:isEnabled>
          </xilinx:enablement>
        </xilinx:parameterInfo>
      </spirit:vendorExtensions>
    </spirit:parameter>
    <spirit:parameter>
      <spirit:name>C_M00_AXIS_TDATA_WIDTH</spirit:name>
      <spirit:displayName>C M00 AXIS TDATA WIDTH</spirit:displayName>
      <spirit:description>Width of S_AXIS address bus. The slave accepts the read and write addresses of width C_M_AXIS_TDATA_WIDTH.</spirit:description>
      <spirit:value spirit:format="long" spirit:resolve="user" spirit:id="PARAM_VALUE.C_M00_AXIS_TDATA_WIDTH" spirit:choiceRef="choice_list_99ba8646" spirit:order="8">64</spirit:value>
      <spirit:vendorExtensions>
        <xilinx:parameterInfo>
          <xilinx:enablement>
            <xilinx:isEnabled xilinx:id="PARAM_ENABLEMENT.C_M00_AXIS_TDATA_WIDTH">false</xilinx:isEnabled>
          </xilinx:enablement>
        </xilinx:parameterInfo>
      </spirit:vendorExtensions>
    </spirit:parameter>
    <spirit:parameter>
      <spirit:name>Component_Name</spirit:name>
      <spirit:value spirit:resolve="user" spirit:id="PARAM_VALUE.Component_Name" spirit:order="1">SipHash_X_Y_v1_0</spirit:value>
    </spirit:parameter>
    <spirit:parameter>
      <spirit:name>NUM_COMPRESSIONS</spirit:name>
      <spirit:displayName>Number of Compressions</spirit:displayName>
      <spirit:value spirit:format="long" spirit:resolve="user" spirit:id="PARAM_VALUE.NUM_COMPRESSIONS" spirit:minimum="1" spirit:maximum="5" spirit:rangeType="long">2</spirit:value>
    </spirit:parameter>
    <spirit:parameter>
      <spirit:name>NUM_FINALIZATIONS</spirit:name>
      <spirit:displayName>Number if Finalizations</spirit:displayName>
      <spirit:value spirit:format="long" spirit:resolve="user" spirit:id="PARAM_VALUE.NUM_FINALIZATIONS" spirit:minimum="1" spirit:maximum="10" spirit:rangeType="long">4</spirit:value>
    </spirit:parameter>
  </spirit:parameters>
  <spirit:vendorExtensions>
    <xilinx:coreExtensions>
      <xilinx:supportedFamilies>
        <xilinx:family xilinx:lifeCycle="Pre-Production">zynq</xilinx:family>
      </xilinx:supportedFamilies>
      <xilinx:taxonomies>
        <xilinx:taxonomy>AXI_Peripheral</xilinx:taxonomy>
      </xilinx:taxonomies>
      <xilinx:displayName>SipHash_X_Y_v1.0</xilinx:displayName>
      <xilinx:coreRevision>12</xilinx:coreRevision>
      <xilinx:coreCreationDateTime>2022-05-04T14:56:47Z</xilinx:coreCreationDateTime>
      <xilinx:tags>
        <xilinx:tag xilinx:name="ui.data.coregen.dd@37e26a86_ARCHIVE_LOCATION">u:/RCL/ip_repo/SipHash_X_Y_1.0</xilinx:tag>
        <xilinx:tag xilinx:name="ui.data.coregen.dd@17456348_ARCHIVE_LOCATION">u:/RCL/ip_repo/SipHash_X_Y_1.0</xilinx:tag>
        <xilinx:tag xilinx:name="ui.data.coregen.dd@16ca5ac7_ARCHIVE_LOCATION">u:/RCL/ip_repo/SipHash_X_Y_1.0</xilinx:tag>
        <xilinx:tag xilinx:name="ui.data.coregen.dd@2ad3fa95_ARCHIVE_LOCATION">u:/RCL/ip_repo/SipHash_X_Y_1.0</xilinx:tag>
        <xilinx:tag xilinx:name="ui.data.coregen.dd@5c2f10bb_ARCHIVE_LOCATION">u:/RCL/ip_repo/SipHash_X_Y_1.0</xilinx:tag>
        <xilinx:tag xilinx:name="ui.data.coregen.dd@18ff2712_ARCHIVE_LOCATION">u:/RCL/ip_repo/SipHash_X_Y_1.0</xilinx:tag>
        <xilinx:tag xilinx:name="ui.data.coregen.dd@9d480a9_ARCHIVE_LOCATION">u:/RCL/ip_repo/SipHash_X_Y_1.0</xilinx:tag>
        <xilinx:tag xilinx:name="ui.data.coregen.dd@694f77cd_ARCHIVE_LOCATION">u:/RCL/ip_repo/SipHash_X_Y_1.0</xilinx:tag>
        <xilinx:tag xilinx:name="ui.data.coregen.dd@36561673_ARCHIVE_LOCATION">u:/RCL/ip_repo/SipHash_X_Y_1.0</xilinx:tag>
        <xilinx:tag xilinx:name="ui.data.coregen.dd@f7b11f7_ARCHIVE_LOCATION">u:/RCL/ip_repo/SipHash_X_Y_1.0</xilinx:tag>
        <xilinx:tag xilinx:name="ui.data.coregen.dd@1eed6f95_ARCHIVE_LOCATION">u:/RCL/ip_repo/SipHash_X_Y_1.0</xilinx:tag>
        <xilinx:tag xilinx:name="ui.data.coregen.dd@670916f7_ARCHIVE_LOCATION">u:/RCL/ip_repo/SipHash_X_Y_1.0</xilinx:tag>
        <xilinx:tag xilinx:name="ui.data.coregen.dd@38544a0d_ARCHIVE_LOCATION">u:/RCL/ip_repo/SipHash_X_Y_1.0</xilinx:tag>
        <xilinx:tag xilinx:name="ui.data.coregen.dd@9cb2f62_ARCHIVE_LOCATION">u:/RCL/ip_repo/SipHash_X_Y_1.0</xilinx:tag>
        <xilinx:tag xilinx:name="ui.data.coregen.dd@12759204_ARCHIVE_LOCATION">u:/RCL/ip_repo/SipHash_X_Y_1.0</xilinx:tag>
        <xilinx:tag xilinx:name="ui.data.coregen.dd@525fe825_ARCHIVE_LOCATION">u:/RCL/ip_repo/SipHash_X_Y_1.0</xilinx:tag>
        <xilinx:tag xilinx:name="ui.data.coregen.dd@5baedeee_ARCHIVE_LOCATION">u:/RCL/ip_repo/SipHash_X_Y_1.0</xilinx:tag>
        <xilinx:tag xilinx:name="ui.data.coregen.dd@23e39fc0_ARCHIVE_LOCATION">u:/RCL/ip_repo/SipHash_X_Y_1.0</xilinx:tag>
        <xilinx:tag xilinx:name="ui.data.coregen.dd@104dae5_ARCHIVE_LOCATION">u:/RCL/ip_repo/SipHash_X_Y_1.0</xilinx:tag>
        <xilinx:tag xilinx:name="ui.data.coregen.dd@519ad6f3_ARCHIVE_LOCATION">u:/RCL/ip_repo/SipHash_X_Y_1.0</xilinx:tag>
        <xilinx:tag xilinx:name="ui.data.coregen.dd@12df8afa_ARCHIVE_LOCATION">u:/RCL/ip_repo/SipHash_X_Y_1.0</xilinx:tag>
        <xilinx:tag xilinx:name="ui.data.coregen.dd@3d911c47_ARCHIVE_LOCATION">u:/RCL/ip_repo/SipHash_X_Y_1.0</xilinx:tag>
        <xilinx:tag xilinx:name="ui.data.coregen.dd@5a47c9b_ARCHIVE_LOCATION">u:/RCL/ip_repo/SipHash_X_Y_1.0</xilinx:tag>
        <xilinx:tag xilinx:name="ui.data.coregen.dd@23b7654b_ARCHIVE_LOCATION">u:/RCL/ip_repo/SipHash_X_Y_1.0</xilinx:tag>
        <xilinx:tag xilinx:name="ui.data.coregen.dd@4d57e9c4_ARCHIVE_LOCATION">u:/RCL/ip_repo/SipHash_X_Y_1.0</xilinx:tag>
        <xilinx:tag xilinx:name="ui.data.coregen.dd@3b13b204_ARCHIVE_LOCATION">u:/RCL/ip_repo/SipHash_X_Y_1.0</xilinx:tag>
        <xilinx:tag xilinx:name="ui.data.coregen.dd@6be7a7b5_ARCHIVE_LOCATION">u:/RCL/ip_repo/SipHash_X_Y_1.0</xilinx:tag>
        <xilinx:tag xilinx:name="ui.data.coregen.dd@3e281aaa_ARCHIVE_LOCATION">u:/RCL/ip_repo/SipHash_X_Y_1.0</xilinx:tag>
        <xilinx:tag xilinx:name="ui.data.coregen.dd@3dfb7292_ARCHIVE_LOCATION">u:/RCL/ip_repo/SipHash_X_Y_1.0</xilinx:tag>
        <xilinx:tag xilinx:name="ui.data.coregen.dd@72c2ef6f_ARCHIVE_LOCATION">u:/RCL/ip_repo/SipHash_X_Y_1.0</xilinx:tag>
        <xilinx:tag xilinx:name="ui.data.coregen.dd@38943406_ARCHIVE_LOCATION">u:/RCL/ip_repo/SipHash_X_Y_1.0</xilinx:tag>
        <xilinx:tag xilinx:name="ui.data.coregen.dd@5945d4e0_ARCHIVE_LOCATION">u:/RCL/ip_repo/SipHash_X_Y_1.0</xilinx:tag>
        <xilinx:tag xilinx:name="ui.data.coregen.dd@df48fc9_ARCHIVE_LOCATION">u:/RCL/ip_repo/SipHash_X_Y_1.0</xilinx:tag>
        <xilinx:tag xilinx:name="ui.data.coregen.dd@344eadd2_ARCHIVE_LOCATION">u:/RCL/ip_repo/SipHash_X_Y_1.0</xilinx:tag>
        <xilinx:tag xilinx:name="ui.data.coregen.dd@444f4ced_ARCHIVE_LOCATION">u:/RCL/ip_repo/SipHash_X_Y_1.0</xilinx:tag>
        <xilinx:tag xilinx:name="ui.data.coregen.dd@63190241_ARCHIVE_LOCATION">u:/RCL/ip_repo/SipHash_X_Y_1.0</xilinx:tag>
        <xilinx:tag xilinx:name="ui.data.coregen.dd@35998084_ARCHIVE_LOCATION">u:/RCL/ip_repo/SipHash_X_Y_1.0</xilinx:tag>
        <xilinx:tag xilinx:name="ui.data.coregen.dd@4354fa8b_ARCHIVE_LOCATION">u:/RCL/ip_repo/SipHash_X_Y_1.0</xilinx:tag>
        <xilinx:tag xilinx:name="ui.data.coregen.dd@1c06e799_ARCHIVE_LOCATION">u:/RCL/ip_repo/SipHash_X_Y_1.0</xilinx:tag>
        <xilinx:tag xilinx:name="ui.data.coregen.dd@123f0fa2_ARCHIVE_LOCATION">u:/RCL/ip_repo/SipHash_X_Y_1.0</xilinx:tag>
        <xilinx:tag xilinx:name="ui.data.coregen.dd@37bb9288_ARCHIVE_LOCATION">u:/RCL/ip_repo/SipHash_X_Y_1.0</xilinx:tag>
        <xilinx:tag xilinx:name="ui.data.coregen.dd@6346b2a7_ARCHIVE_LOCATION">u:/RCL/ip_repo/SipHash_X_Y_1.0</xilinx:tag>
        <xilinx:tag xilinx:name="ui.data.coregen.dd@4cca4a6c_ARCHIVE_LOCATION">u:/RCL/ip_repo/SipHash_X_Y_1.0</xilinx:tag>
        <xilinx:tag xilinx:name="ui.data.coregen.dd@6a32b122_ARCHIVE_LOCATION">u:/RCL/ip_repo/SipHash_X_Y_1.0</xilinx:tag>
        <xilinx:tag xilinx:name="ui.data.coregen.dd@32dd1fbf_ARCHIVE_LOCATION">u:/RCL/ip_repo/SipHash_X_Y_1.0</xilinx:tag>
        <xilinx:tag xilinx:name="ui.data.coregen.dd@4666d2f9_ARCHIVE_LOCATION">u:/RCL/ip_repo/SipHash_X_Y_1.0</xilinx:tag>
        <xilinx:tag xilinx:name="ui.data.coregen.dd@7b4541f3_ARCHIVE_LOCATION">u:/RCL/ip_repo/SipHash_X_Y_1.0</xilinx:tag>
        <xilinx:tag xilinx:name="ui.data.coregen.dd@161cb953_ARCHIVE_LOCATION">u:/RCL/ip_repo/SipHash_X_Y_1.0</xilinx:tag>
        <xilinx:tag xilinx:name="ui.data.coregen.dd@3f6ea8f9_ARCHIVE_LOCATION">u:/RCL/ip_repo/SipHash_X_Y_1.0</xilinx:tag>
        <xilinx:tag xilinx:name="ui.data.coregen.dd@4422075_ARCHIVE_LOCATION">u:/RCL/ip_repo/SipHash_X_Y_1.0</xilinx:tag>
        <xilinx:tag xilinx:name="ui.data.coregen.dd@48302407_ARCHIVE_LOCATION">u:/RCL/ip_repo/SipHash_X_Y_1.0</xilinx:tag>
        <xilinx:tag xilinx:name="ui.data.coregen.dd@77445e67_ARCHIVE_LOCATION">u:/RCL/ip_repo/SipHash_X_Y_1.0</xilinx:tag>
        <xilinx:tag xilinx:name="ui.data.coregen.dd@6aae3b87_ARCHIVE_LOCATION">u:/RCL/ip_repo/SipHash_X_Y_1.0</xilinx:tag>
        <xilinx:tag xilinx:name="ui.data.coregen.dd@3c1e0866_ARCHIVE_LOCATION">u:/RCL/ip_repo/SipHash_X_Y_1.0</xilinx:tag>
        <xilinx:tag xilinx:name="ui.data.coregen.dd@64fc9873_ARCHIVE_LOCATION">u:/RCL/ip_repo/SipHash_X_Y_1.0</xilinx:tag>
        <xilinx:tag xilinx:name="ui.data.coregen.dd@52cf4ef7_ARCHIVE_LOCATION">u:/RCL/ip_repo/SipHash_X_Y_1.0</xilinx:tag>
        <xilinx:tag xilinx:name="ui.data.coregen.dd@502e7fe8_ARCHIVE_LOCATION">u:/RCL/ip_repo/SipHash_X_Y_1.0</xilinx:tag>
        <xilinx:tag xilinx:name="ui.data.coregen.dd@64e35b5d_ARCHIVE_LOCATION">u:/RCL/ip_repo/SipHash_X_Y_1.0</xilinx:tag>
        <xilinx:tag xilinx:name="ui.data.coregen.dd@28fc82af_ARCHIVE_LOCATION">u:/RCL/ip_repo/SipHash_X_Y_1.0</xilinx:tag>
        <xilinx:tag xilinx:name="ui.data.coregen.dd@3ad748bc_ARCHIVE_LOCATION">u:/RCL/ip_repo/SipHash_X_Y_1.0</xilinx:tag>
        <xilinx:tag xilinx:name="ui.data.coregen.dd@16b83cd5_ARCHIVE_LOCATION">u:/RCL/ip_repo/SipHash_X_Y_1.0</xilinx:tag>
        <xilinx:tag xilinx:name="ui.data.coregen.dd@3f244f4a_ARCHIVE_LOCATION">u:/RCL/ip_repo/SipHash_X_Y_1.0</xilinx:tag>
        <xilinx:tag xilinx:name="ui.data.coregen.dd@67c00021_ARCHIVE_LOCATION">u:/RCL/ip_repo/SipHash_X_Y_1.0</xilinx:tag>
        <xilinx:tag xilinx:name="ui.data.coregen.dd@7018ab75_ARCHIVE_LOCATION">u:/RCL/ip_repo/SipHash_X_Y_1.0</xilinx:tag>
        <xilinx:tag xilinx:name="ui.data.coregen.dd@4c8562c9_ARCHIVE_LOCATION">u:/RCL/ip_repo/SipHash_X_Y_1.0</xilinx:tag>
        <xilinx:tag xilinx:name="ui.data.coregen.dd@59fa12b2_ARCHIVE_LOCATION">u:/RCL/ip_repo/SipHash_X_Y_1.0</xilinx:tag>
        <xilinx:tag xilinx:name="ui.data.coregen.dd@d1329b_ARCHIVE_LOCATION">u:/RCL/ip_repo/SipHash_X_Y_1.0</xilinx:tag>
        <xilinx:tag xilinx:name="ui.data.coregen.dd@66e6daed_ARCHIVE_LOCATION">u:/RCL/ip_repo/SipHash_X_Y_1.0</xilinx:tag>
        <xilinx:tag xilinx:name="ui.data.coregen.dd@7b7888d0_ARCHIVE_LOCATION">u:/RCL/ip_repo/SipHash_X_Y_1.0</xilinx:tag>
        <xilinx:tag xilinx:name="ui.data.coregen.dd@4a8472b6_ARCHIVE_LOCATION">u:/RCL/ip_repo/SipHash_X_Y_1.0</xilinx:tag>
        <xilinx:tag xilinx:name="ui.data.coregen.dd@33c509b6_ARCHIVE_LOCATION">u:/RCL/ip_repo/SipHash_X_Y_1.0</xilinx:tag>
        <xilinx:tag xilinx:name="ui.data.coregen.dd@4be8beb6_ARCHIVE_LOCATION">u:/RCL/ip_repo/SipHash_X_Y_1.0</xilinx:tag>
        <xilinx:tag xilinx:name="ui.data.coregen.dd@fc886d3_ARCHIVE_LOCATION">u:/RCL/ip_repo/SipHash_X_Y_1.0</xilinx:tag>
        <xilinx:tag xilinx:name="ui.data.coregen.dd@2ce904af_ARCHIVE_LOCATION">u:/RCL/ip_repo/SipHash_X_Y_1.0</xilinx:tag>
        <xilinx:tag xilinx:name="ui.data.coregen.dd@61eea72a_ARCHIVE_LOCATION">u:/RCL/ip_repo/SipHash_X_Y_1.0</xilinx:tag>
        <xilinx:tag xilinx:name="ui.data.coregen.dd@6991bd85_ARCHIVE_LOCATION">u:/RCL/ip_repo/SipHash_X_Y_1.0</xilinx:tag>
        <xilinx:tag xilinx:name="ui.data.coregen.dd@77ba9c3e_ARCHIVE_LOCATION">u:/RCL/ip_repo/SipHash_X_Y_1.0</xilinx:tag>
        <xilinx:tag xilinx:name="ui.data.coregen.dd@5d4d3739_ARCHIVE_LOCATION">u:/RCL/ip_repo/SipHash_X_Y_1.0</xilinx:tag>
        <xilinx:tag xilinx:name="ui.data.coregen.dd@63432443_ARCHIVE_LOCATION">u:/RCL/ip_repo/SipHash_X_Y_1.0</xilinx:tag>
        <xilinx:tag xilinx:name="ui.data.coregen.dd@15414ef9_ARCHIVE_LOCATION">u:/RCL/ip_repo/SipHash_X_Y_1.0</xilinx:tag>
        <xilinx:tag xilinx:name="ui.data.coregen.dd@1601a454_ARCHIVE_LOCATION">u:/RCL/ip_repo/SipHash_X_Y_1.0</xilinx:tag>
        <xilinx:tag xilinx:name="ui.data.coregen.dd@9af57c4_ARCHIVE_LOCATION">u:/RCL/ip_repo/SipHash_X_Y_1.0</xilinx:tag>
        <xilinx:tag xilinx:name="ui.data.coregen.dd@771161cf_ARCHIVE_LOCATION">u:/RCL/ip_repo/SipHash_X_Y_1.0</xilinx:tag>
        <xilinx:tag xilinx:name="ui.data.coregen.dd@5746541a_ARCHIVE_LOCATION">u:/RCL/ip_repo/SipHash_X_Y_1.0</xilinx:tag>
        <xilinx:tag xilinx:name="ui.data.coregen.dd@61db83c6_ARCHIVE_LOCATION">u:/RCL/ip_repo/SipHash_X_Y_1.0</xilinx:tag>
        <xilinx:tag xilinx:name="ui.data.coregen.dd@55bb09ec_ARCHIVE_LOCATION">u:/RCL/ip_repo/SipHash_X_Y_1.0</xilinx:tag>
        <xilinx:tag xilinx:name="ui.data.coregen.dd@55ae4e85_ARCHIVE_LOCATION">u:/RCL/ip_repo/SipHash_X_Y_1.0</xilinx:tag>
        <xilinx:tag xilinx:name="ui.data.coregen.dd@69a84090_ARCHIVE_LOCATION">u:/RCL/ip_repo/SipHash_X_Y_1.0</xilinx:tag>
        <xilinx:tag xilinx:name="ui.data.coregen.dd@6268468a_ARCHIVE_LOCATION">u:/RCL/ip_repo/SipHash_X_Y_1.0</xilinx:tag>
        <xilinx:tag xilinx:name="ui.data.coregen.dd@522af0d5_ARCHIVE_LOCATION">u:/RCL/ip_repo/SipHash_X_Y_1.0</xilinx:tag>
        <xilinx:tag xilinx:name="ui.data.coregen.dd@556bb5a7_ARCHIVE_LOCATION">u:/RCL/ip_repo/SipHash_X_Y_1.0</xilinx:tag>
        <xilinx:tag xilinx:name="ui.data.coregen.dd@2ab3c779_ARCHIVE_LOCATION">u:/RCL/ip_repo/SipHash_X_Y_1.0</xilinx:tag>
        <xilinx:tag xilinx:name="ui.data.coregen.dd@153d911e_ARCHIVE_LOCATION">u:/RCL/ip_repo/SipHash_X_Y_1.0</xilinx:tag>
        <xilinx:tag xilinx:name="ui.data.coregen.dd@56dd8dd1_ARCHIVE_LOCATION">u:/RCL/ip_repo/SipHash_X_Y_1.0</xilinx:tag>
        <xilinx:tag xilinx:name="ui.data.coregen.dd@6cf32875_ARCHIVE_LOCATION">u:/RCL/ip_repo/SipHash_X_Y_1.0</xilinx:tag>
        <xilinx:tag xilinx:name="ui.data.coregen.dd@27394d6e_ARCHIVE_LOCATION">u:/RCL/ip_repo/SipHash_X_Y_1.0</xilinx:tag>
        <xilinx:tag xilinx:name="ui.data.coregen.dd@398a3be5_ARCHIVE_LOCATION">u:/RCL/ip_repo/SipHash_X_Y_1.0</xilinx:tag>
        <xilinx:tag xilinx:name="ui.data.coregen.dd@18b8b7df_ARCHIVE_LOCATION">u:/RCL/ip_repo/SipHash_X_Y_1.0</xilinx:tag>
        <xilinx:tag xilinx:name="ui.data.coregen.dd@7f97d583_ARCHIVE_LOCATION">u:/RCL/ip_repo/SipHash_X_Y_1.0</xilinx:tag>
        <xilinx:tag xilinx:name="ui.data.coregen.dd@294271d9_ARCHIVE_LOCATION">u:/RCL/ip_repo/SipHash_X_Y_1.0</xilinx:tag>
        <xilinx:tag xilinx:name="ui.data.coregen.dd@2956c9b2_ARCHIVE_LOCATION">u:/RCL/ip_repo/SipHash_X_Y_1.0</xilinx:tag>
        <xilinx:tag xilinx:name="ui.data.coregen.dd@66216c6_ARCHIVE_LOCATION">u:/RCL/ip_repo/SipHash_X_Y_1.0</xilinx:tag>
        <xilinx:tag xilinx:name="ui.data.coregen.dd@37aae8d5_ARCHIVE_LOCATION">u:/RCL/ip_repo/SipHash_X_Y_1.0</xilinx:tag>
        <xilinx:tag xilinx:name="ui.data.coregen.dd@43c4599e_ARCHIVE_LOCATION">u:/RCL/ip_repo/SipHash_X_Y_1.0</xilinx:tag>
        <xilinx:tag xilinx:name="ui.data.coregen.dd@28907e9b_ARCHIVE_LOCATION">u:/RCL/ip_repo/SipHash_X_Y_1.0</xilinx:tag>
        <xilinx:tag xilinx:name="ui.data.coregen.dd@3708ad8b_ARCHIVE_LOCATION">u:/RCL/ip_repo/SipHash_X_Y_1.0</xilinx:tag>
        <xilinx:tag xilinx:name="ui.data.coregen.dd@5db65184_ARCHIVE_LOCATION">u:/RCL/ip_repo/SipHash_X_Y_1.0</xilinx:tag>
        <xilinx:tag xilinx:name="ui.data.coregen.dd@3fb259e0_ARCHIVE_LOCATION">u:/RCL/ip_repo/SipHash_X_Y_1.0</xilinx:tag>
        <xilinx:tag xilinx:name="ui.data.coregen.dd@61e78a40_ARCHIVE_LOCATION">u:/RCL/ip_repo/SipHash_X_Y_1.0</xilinx:tag>
        <xilinx:tag xilinx:name="ui.data.coregen.dd@615cc494_ARCHIVE_LOCATION">u:/RCL/ip_repo/SipHash_X_Y_1.0</xilinx:tag>
        <xilinx:tag xilinx:name="ui.data.coregen.dd@7ff1ea57_ARCHIVE_LOCATION">u:/RCL/ip_repo/SipHash_X_Y_1.0</xilinx:tag>
        <xilinx:tag xilinx:name="ui.data.coregen.dd@36fbf248_ARCHIVE_LOCATION">u:/RCL/ip_repo/SipHash_X_Y_1.0</xilinx:tag>
        <xilinx:tag xilinx:name="ui.data.coregen.dd@1ecc546a_ARCHIVE_LOCATION">u:/RCL/ip_repo/SipHash_X_Y_1.0</xilinx:tag>
        <xilinx:tag xilinx:name="ui.data.coregen.dd@7d0ef6f4_ARCHIVE_LOCATION">u:/RCL/ip_repo/SipHash_X_Y_1.0</xilinx:tag>
        <xilinx:tag xilinx:name="ui.data.coregen.dd@74c67389_ARCHIVE_LOCATION">u:/RCL/ip_repo/SipHash_X_Y_1.0</xilinx:tag>
        <xilinx:tag xilinx:name="ui.data.coregen.dd@688aef7b_ARCHIVE_LOCATION">u:/RCL/ip_repo/SipHash_X_Y_1.0</xilinx:tag>
        <xilinx:tag xilinx:name="ui.data.coregen.dd@1b76b658_ARCHIVE_LOCATION">u:/RCL/ip_repo/SipHash_X_Y_1.0</xilinx:tag>
        <xilinx:tag xilinx:name="ui.data.coregen.dd@7261593b_ARCHIVE_LOCATION">u:/RCL/ip_repo/SipHash_X_Y_1.0</xilinx:tag>
        <xilinx:tag xilinx:name="ui.data.coregen.dd@4b60dc60_ARCHIVE_LOCATION">u:/RCL/ip_repo/SipHash_X_Y_1.0</xilinx:tag>
        <xilinx:tag xilinx:name="ui.data.coregen.dd@3926905f_ARCHIVE_LOCATION">u:/RCL/ip_repo/SipHash_X_Y_1.0</xilinx:tag>
        <xilinx:tag xilinx:name="ui.data.coregen.dd@37f1657c_ARCHIVE_LOCATION">u:/RCL/ip_repo/SipHash_X_Y_1.0</xilinx:tag>
        <xilinx:tag xilinx:name="ui.data.coregen.dd@728ff12e_ARCHIVE_LOCATION">u:/RCL/ip_repo/SipHash_X_Y_1.0</xilinx:tag>
        <xilinx:tag xilinx:name="ui.data.coregen.dd@6370c9a3_ARCHIVE_LOCATION">u:/RCL/ip_repo/SipHash_X_Y_1.0</xilinx:tag>
        <xilinx:tag xilinx:name="ui.data.coregen.dd@6cb91a42_ARCHIVE_LOCATION">u:/RCL/ip_repo/SipHash_X_Y_1.0</xilinx:tag>
        <xilinx:tag xilinx:name="ui.data.coregen.dd@1edeea75_ARCHIVE_LOCATION">u:/RCL/ip_repo/SipHash_X_Y_1.0</xilinx:tag>
        <xilinx:tag xilinx:name="ui.data.coregen.dd@303958ff_ARCHIVE_LOCATION">u:/RCL/ip_repo/SipHash_X_Y_1.0</xilinx:tag>
        <xilinx:tag xilinx:name="ui.data.coregen.dd@76c32048_ARCHIVE_LOCATION">u:/RCL/ip_repo/SipHash_X_Y_1.0</xilinx:tag>
        <xilinx:tag xilinx:name="ui.data.coregen.dd@7cc05ecb_ARCHIVE_LOCATION">u:/RCL/ip_repo/SipHash_X_Y_1.0</xilinx:tag>
        <xilinx:tag xilinx:name="ui.data.coregen.dd@3bf1d91d_ARCHIVE_LOCATION">u:/RCL/ip_repo/SipHash_X_Y_1.0</xilinx:tag>
        <xilinx:tag xilinx:name="ui.data.coregen.dd@358c0d78_ARCHIVE_LOCATION">u:/RCL/ip_repo/SipHash_X_Y_1.0</xilinx:tag>
        <xilinx:tag xilinx:name="ui.data.coregen.dd@7129fc5d_ARCHIVE_LOCATION">u:/RCL/ip_repo/SipHash_X_Y_1.0</xilinx:tag>
        <xilinx:tag xilinx:name="ui.data.coregen.dd@7bd752f7_ARCHIVE_LOCATION">u:/RCL/ip_repo/SipHash_X_Y_1.0</xilinx:tag>
        <xilinx:tag xilinx:name="ui.data.coregen.dd@6ad1c256_ARCHIVE_LOCATION">u:/RCL/ip_repo/SipHash_X_Y_1.0</xilinx:tag>
        <xilinx:tag xilinx:name="ui.data.coregen.dd@67a74296_ARCHIVE_LOCATION">u:/RCL/ip_repo/SipHash_X_Y_1.0</xilinx:tag>
        <xilinx:tag xilinx:name="ui.data.coregen.dd@401c72f9_ARCHIVE_LOCATION">u:/RCL/ip_repo/SipHash_X_Y_1.0</xilinx:tag>
        <xilinx:tag xilinx:name="ui.data.coregen.dd@374968ba_ARCHIVE_LOCATION">u:/RCL/ip_repo/SipHash_X_Y_1.0</xilinx:tag>
        <xilinx:tag xilinx:name="ui.data.coregen.dd@76a76bf7_ARCHIVE_LOCATION">u:/RCL/ip_repo/SipHash_X_Y_1.0</xilinx:tag>
        <xilinx:tag xilinx:name="ui.data.coregen.dd@1ce5947a_ARCHIVE_LOCATION">u:/RCL/ip_repo/SipHash_X_Y_1.0</xilinx:tag>
        <xilinx:tag xilinx:name="ui.data.coregen.dd@76f329d4_ARCHIVE_LOCATION">u:/RCL/ip_repo/SipHash_X_Y_1.0</xilinx:tag>
        <xilinx:tag xilinx:name="ui.data.coregen.dd@51e206a6_ARCHIVE_LOCATION">u:/RCL/ip_repo/SipHash_X_Y_1.0</xilinx:tag>
        <xilinx:tag xilinx:name="ui.data.coregen.dd@52ca16df_ARCHIVE_LOCATION">u:/RCL/ip_repo/SipHash_X_Y_1.0</xilinx:tag>
        <xilinx:tag xilinx:name="ui.data.coregen.dd@1d16e1af_ARCHIVE_LOCATION">u:/RCL/ip_repo/SipHash_X_Y_1.0</xilinx:tag>
        <xilinx:tag xilinx:name="ui.data.coregen.dd@3700d63_ARCHIVE_LOCATION">u:/RCL/ip_repo/SipHash_X_Y_1.0</xilinx:tag>
        <xilinx:tag xilinx:name="ui.data.coregen.dd@2097964c_ARCHIVE_LOCATION">u:/RCL/ip_repo/SipHash_X_Y_1.0</xilinx:tag>
        <xilinx:tag xilinx:name="ui.data.coregen.dd@50b5fbd0_ARCHIVE_LOCATION">u:/RCL/ip_repo/SipHash_X_Y_1.0</xilinx:tag>
        <xilinx:tag xilinx:name="ui.data.coregen.dd@6647526d_ARCHIVE_LOCATION">u:/RCL/ip_repo/SipHash_X_Y_1.0</xilinx:tag>
        <xilinx:tag xilinx:name="ui.data.coregen.dd@520cb318_ARCHIVE_LOCATION">u:/RCL/ip_repo/SipHash_X_Y_1.0</xilinx:tag>
        <xilinx:tag xilinx:name="ui.data.coregen.dd@27c018d4_ARCHIVE_LOCATION">u:/RCL/ip_repo/SipHash_X_Y_1.0</xilinx:tag>
        <xilinx:tag xilinx:name="ui.data.coregen.dd@100e8ac1_ARCHIVE_LOCATION">u:/RCL/ip_repo/SipHash_X_Y_1.0</xilinx:tag>
        <xilinx:tag xilinx:name="ui.data.coregen.dd@1fc84f52_ARCHIVE_LOCATION">u:/RCL/ip_repo/SipHash_X_Y_1.0</xilinx:tag>
        <xilinx:tag xilinx:name="ui.data.coregen.dd@706afb15_ARCHIVE_LOCATION">u:/RCL/ip_repo/SipHash_X_Y_1.0</xilinx:tag>
        <xilinx:tag xilinx:name="ui.data.coregen.dd@24d9d8f8_ARCHIVE_LOCATION">u:/RCL/ip_repo/SipHash_X_Y_1.0</xilinx:tag>
        <xilinx:tag xilinx:name="ui.data.coregen.dd@3bc0fc85_ARCHIVE_LOCATION">u:/RCL/ip_repo/SipHash_X_Y_1.0</xilinx:tag>
        <xilinx:tag xilinx:name="ui.data.coregen.dd@65aa9188_ARCHIVE_LOCATION">u:/RCL/ip_repo/SipHash_X_Y_1.0</xilinx:tag>
        <xilinx:tag xilinx:name="ui.data.coregen.dd@5225635_ARCHIVE_LOCATION">u:/RCL/ip_repo/SipHash_X_Y_1.0</xilinx:tag>
        <xilinx:tag xilinx:name="ui.data.coregen.dd@72c770c7_ARCHIVE_LOCATION">u:/RCL/ip_repo/SipHash_X_Y_1.0</xilinx:tag>
        <xilinx:tag xilinx:name="ui.data.coregen.dd@35965d71_ARCHIVE_LOCATION">u:/RCL/ip_repo/SipHash_X_Y_1.0</xilinx:tag>
        <xilinx:tag xilinx:name="ui.data.coregen.dd@3dbf1823_ARCHIVE_LOCATION">u:/RCL/ip_repo/SipHash_X_Y_1.0</xilinx:tag>
        <xilinx:tag xilinx:name="ui.data.coregen.dd@3ffe0fd_ARCHIVE_LOCATION">u:/RCL/ip_repo/SipHash_X_Y_1.0</xilinx:tag>
        <xilinx:tag xilinx:name="ui.data.coregen.dd@3a0fa156_ARCHIVE_LOCATION">u:/RCL/ip_repo/SipHash_X_Y_1.0</xilinx:tag>
        <xilinx:tag xilinx:name="ui.data.coregen.dd@152265c5_ARCHIVE_LOCATION">u:/RCL/ip_repo/SipHash_X_Y_1.0</xilinx:tag>
        <xilinx:tag xilinx:name="ui.data.coregen.dd@58abd13d_ARCHIVE_LOCATION">u:/RCL/ip_repo/SipHash_X_Y_1.0</xilinx:tag>
        <xilinx:tag xilinx:name="ui.data.coregen.dd@4903d845_ARCHIVE_LOCATION">u:/RCL/ip_repo/SipHash_X_Y_1.0</xilinx:tag>
        <xilinx:tag xilinx:name="ui.data.coregen.dd@1da7b729_ARCHIVE_LOCATION">u:/RCL/ip_repo/SipHash_X_Y_1.0</xilinx:tag>
        <xilinx:tag xilinx:name="ui.data.coregen.dd@71f5138f_ARCHIVE_LOCATION">u:/RCL/ip_repo/SipHash_X_Y_1.0</xilinx:tag>
        <xilinx:tag xilinx:name="ui.data.coregen.dd@7a7edeb2_ARCHIVE_LOCATION">u:/RCL/ip_repo/SipHash_X_Y_1.0</xilinx:tag>
        <xilinx:tag xilinx:name="ui.data.coregen.dd@109df934_ARCHIVE_LOCATION">u:/RCL/ip_repo/SipHash_X_Y_1.0</xilinx:tag>
      </xilinx:tags>
    </xilinx:coreExtensions>
    <xilinx:packagingInfo>
      <xilinx:xilinxVersion>2020.1</xilinx:xilinxVersion>
      <xilinx:checksum xilinx:scope="busInterfaces" xilinx:value="743ec6dd"/>
      <xilinx:checksum xilinx:scope="memoryMaps" xilinx:value="ed1368d5"/>
      <xilinx:checksum xilinx:scope="fileGroups" xilinx:value="f12bd29d"/>
      <xilinx:checksum xilinx:scope="ports" xilinx:value="305d0ac4"/>
      <xilinx:checksum xilinx:scope="hdlParameters" xilinx:value="805c2b21"/>
      <xilinx:checksum xilinx:scope="parameters" xilinx:value="7aea1fd3"/>
    </xilinx:packagingInfo>
  </spirit:vendorExtensions>
</spirit:component>
